<?xml version="1.0" encoding="UTF-8"?>
<preferences>
 <debug showDebugMenu="0" />
 <systemtable>
  <columns>
   <connections preferredWidth="175" />
   <irq preferredWidth="34" />
  </columns>
 </systemtable>
 <clocktable>
  <columns>
   <clockname preferredWidth="541" />
   <clocksource preferredWidth="540" />
   <frequency preferredWidth="525" />
  </columns>
 </clocktable>
 <library
   expandedCategories="Library/Peripherals,Library/Memories and Memory Controllers/External Memory Interfaces/Memory Interfaces,Library/Peripherals/Display,Library,Library/Microcontroller Peripherals,Library/Qsys Interconnect/Memory-Mapped,Library/Interface Protocols,Library/Interface Protocols/Ethernet,Library/Interface Protocols/Ethernet/Example Designs,Library/Qsys Interconnect,Library/DSP/Video and Image Processing,Project,Library/Bridges/Streaming,Library/Memories and Memory Controllers,Library/Bridges,Library/Verification,Library/Interface Protocols/SDI,Library/Memories and Memory Controllers/External Memory Interfaces,Library/DSP,Library/Verification/Simulation,Library/Memories and Memory Controllers/External Memory Interfaces/Memory Interfaces/Flash,Library/Interface Protocols/PCI,Library/Qsys Interconnect/AXI Interface,Library/Window Bridge" />
 <window width="1366" height="720" x="0" y="0" />
 <hdlexample language="VHDL" />
 <generation
   synthesis="VHDL"
   testbench_system="NONE"
   simulation="NONE"
   testbench_simulation="VHDL"
   path="_PROJECT_NAME_" />
</preferences>
